{
    "Time": 2.0,
    "V1": -1.158233093,
    "V2":  0.877736755,
    "V3":1.548717847,
    "V4":	0.403033934,
    "V5":	-0.407193377,
    "V6":	0.095921462,
    "V7":	0.592940745,
    "V8":	-0.270532677,
    "V9":	0.817739308,
    "V10":	0.753074432,
    "V11":	-0.822842878,
    "V12":	0.53819555,
    "V13":	1.345851593,
    "V14":	-1.119669835,
    "V15":	0.17512113,
    "V16":	-0.451449183,
    "V17":	-0.237033239,
    "V18":	-0.038194787,
    "V19":	0.803486925,
    "V20":	0.40854236,
    "V21":	-0.009430697,
    "V22":	0.798278495,
    "V23":	-0.13745808,
    "V24":	0.141266984,
    "V25":	-0.206009588,
    "V26":	0.502292224,
    "V27":	0.21942223,
    "V28":	0.215153147,
    "Amount": 30.0
}

